,Unnamed: 0,subject,task,session,run,ppg,rsp,ecg,eda,biopac,eyetracking,ppg_quality,rsp_quality,ecg_quality,eda_quality,eyetracking_quality,eyetracking_before_interp
0,0,1,ActiveHighVid,01EntSports,1,True,True,True,True,True,True,1.0,1.0,1.0,1.0,0.9964099281325687,0.6914056055276547
1,1,1,ActiveLowVid,01EntSports,1,True,True,True,True,True,True,1.0,1.0,1.0,1.0,0.8717579821284795,0.5514103190211581
2,2,1,ActiveMixedVid,01EntSports,1,True,True,True,True,True,True,0.9919331544286966,1.0,1.0,1.0,0.9962782349331204,0.6361710692155919
3,3,1,PVT,01EntSports,1,True,True,True,True,True,True,0.9911573927486728,1.0,1.0,1.0,1.0,0.6662099988278045
4,4,1,PassiveHighVid,01EntSports,1,True,True,True,True,True,True,0.991827866989912,1.0,1.0,1.0,0.9943313800021117,0.5961685672051525
5,5,1,PassiveLowVid,01EntSports,1,True,True,True,True,True,True,1.0,1.0,1.0,1.0,0.5810202600145186,0.3533953672540091
6,6,1,PassiveMixedVid,01EntSports,1,True,True,True,True,True,True,1.0,1.0,1.0,1.0,1.0,0.6913208742477035
7,7,1,ActiveHighVid,02Baby,1,True,True,True,True,True,True,1.0,1.0,1.0,1.0,0.9847358973682127,0.6334833566507404
8,8,1,ActiveLowVid,02Baby,1,True,True,True,True,True,True,1.0,1.0,1.0,1.0,0.9907737997030193,0.661864378815377
9,9,1,ActiveMixedVid,02Baby,1,True,True,True,True,True,True,1.0,1.0,1.0,1.0,0.9846624957102506,0.621248119109844
10,10,1,PVT,02Baby,1,True,True,True,True,True,True,1.0,1.0,1.0,1.0,0.9926372008176004,0.6961251895646058
11,11,1,PassiveHighVid,02Baby,1,True,True,True,True,True,True,1.0,1.0,1.0,1.0,0.9776884700665188,0.6657361946996093
12,12,1,PassiveLowVid,02Baby,1,True,True,True,True,True,True,0.9911939791615938,1.0,1.0,1.0,0.9419400394633513,0.5603861865072295
13,13,1,PassiveMixedVid,02Baby,1,True,True,True,True,True,True,1.0,1.0,1.0,1.0,0.9660487920760719,0.6386786414237731
14,14,1,ActiveHighVid,03Beauty,1,False,False,False,False,False,True,,,,,0.9774563117047674,0.6390370096615807
15,15,1,ActiveLowVid,03Beauty,1,False,False,False,False,False,False,,,,,1.0,0.0
16,16,1,ActiveMixedVid,03Beauty,1,False,False,False,False,False,True,,,,,0.9734256320238621,0.6757029636326441
17,17,1,PVT,03Beauty,1,False,False,False,False,False,True,,,,,0.9639610033957717,0.6459086427867237
18,18,1,PassiveHighVid,03Beauty,1,False,False,False,False,False,True,,,,,0.7593131529105871,0.5201441270218369
19,19,1,PassiveLowVid,03Beauty,1,False,False,False,False,False,True,,,,,0.96276915158274,0.6418856943005523
20,20,1,PassiveMixedVid,03Beauty,1,False,False,False,False,False,True,,,,,0.9741251311560873,0.6501052548222547
21,21,1,ActiveHighVid,04Advice,1,True,True,True,True,True,True,1.0,1.0,1.0,1.0,0.9965094949654908,0.6977512965675601
22,22,1,ActiveLowVid,04Advice,1,True,True,True,True,True,True,1.0,1.0,1.0,1.0,1.0,0.6882506665258823
23,23,1,ActiveMixedVid,04Advice,1,True,True,True,True,True,True,1.0,1.0,1.0,1.0,0.9926218743606834,0.684720416553927
24,24,1,PVT,04Advice,1,True,True,True,True,True,True,1.0,1.0,1.0,1.0,1.0,0.6972021363106882
25,25,1,PassiveHighVid,04Advice,1,False,False,False,False,False,True,,,,,0.995290869703054,0.7116268625171721
26,26,1,PassiveLowVid,04Advice,1,True,True,True,True,True,True,0.9697928305856676,1.0,1.0,1.0,1.0,0.6897225246626415
27,27,1,PassiveMixedVid,04Advice,1,True,True,True,True,True,True,1.0,1.0,1.0,1.0,1.0,0.7184351349033011
28,28,1,ActiveHighVid,05Fitness,1,True,True,True,True,True,True,0.904476017722973,1.0,1.0,1.0,0.9872036851275012,0.6185325484398922
29,29,1,ActiveLowVid,05Fitness,1,True,True,True,True,True,True,1.0,1.0,1.0,1.0,1.0,0.7154706522815005
30,30,1,ActiveMixedVid,05Fitness,1,True,True,True,True,True,True,1.0,1.0,1.0,1.0,0.9965552057967572,0.6607801600971406
31,31,1,PVT,05Fitness,1,True,True,True,True,True,True,1.0,1.0,1.0,1.0,1.0,0.722470090917749
32,32,1,PassiveHighVid,05Fitness,1,True,True,True,True,True,True,0.9885161439655789,1.0,1.0,1.0,0.9939617113104077,0.7294582698158157
33,33,1,PassiveLowVid,05Fitness,1,True,True,True,True,True,True,0.9450017982392036,1.0,1.0,1.0,0.9950901459757675,0.6269632816830768
34,34,1,PassiveMixedVid,05Fitness,1,True,True,True,True,True,True,0.8967735828089051,1.0,1.0,1.0,1.0,0.6639191721880527
35,35,1,ActiveHighVid,06Pets,1,True,True,True,True,True,True,1.0,1.0,1.0,1.0,1.0,0.6555356105802228
36,36,1,ActiveLowVid,06Pets,1,True,True,True,True,True,True,1.0,1.0,1.0,1.0,1.0,0.6100155750904147
37,37,1,ActiveMixedVid,06Pets,1,True,True,True,True,True,True,1.0,1.0,1.0,1.0,1.0,0.6832373146443349
38,38,1,PVT,06Pets,1,True,True,True,True,True,True,1.0,1.0,1.0,1.0,1.0,0.7047752315086157
39,39,1,PassiveHighVid,06Pets,1,True,True,True,True,True,True,1.0,1.0,1.0,1.0,1.0,0.6316775883800888
40,40,1,PassiveLowVid,06Pets,1,True,True,True,True,True,True,1.0,1.0,1.0,1.0,1.0,0.6728120937782499
41,41,1,PassiveMixedVid,06Pets,1,True,True,True,True,True,True,0.9914724104290356,1.0,1.0,1.0,0.9964165984742497,0.6415344613678959
42,42,1,ActiveHighVid,07Food,1,True,True,True,True,True,True,1.0,1.0,1.0,1.0,1.0,0.6798830586884359
43,43,1,ActiveLowVid,07Food,1,True,True,True,True,True,True,1.0,1.0,1.0,1.0,1.0,0.687332141136722
44,44,1,ActiveMixedVid,07Food,1,True,True,True,True,True,True,1.0,1.0,1.0,1.0,1.0,0.6748983686183412
45,45,1,PVT,07Food,1,True,True,True,True,True,True,1.0,1.0,1.0,1.0,0.9955822881256594,0.6806719610831087
46,46,1,PassiveHighVid,07Food,1,True,True,True,True,True,True,1.0,1.0,1.0,1.0,1.0,0.669779320539556
47,47,1,PassiveLowVid,07Food,1,True,True,True,True,True,True,0.9923411471657878,1.0,1.0,1.0,1.0,0.6880299860760078
48,48,1,PassiveMixedVid,07Food,1,True,True,True,True,True,True,0.983745018365902,1.0,1.0,1.0,1.0,0.697454814208696
49,49,1,ActiveHighVid,08Diy,1,True,True,True,True,True,True,1.0,1.0,1.0,1.0,0.9915131196874505,0.5570026661739085
50,50,1,ActiveLowVid,08Diy,1,True,True,True,True,True,True,1.0,1.0,1.0,1.0,0.9894277314168621,0.5479497256291721
51,51,1,ActiveMixedVid,08Diy,1,True,True,True,True,True,True,1.0,1.0,1.0,1.0,0.9601657779420305,0.554237500659944
52,52,1,PVT,08Diy,1,True,True,True,True,True,True,1.0,1.0,1.0,1.0,1.0,0.5853065291290587
53,53,1,PassiveHighVid,08Diy,1,True,True,True,True,True,True,0.9643201289629936,1.0,1.0,1.0,0.9541965841296658,0.5563955176601024
54,54,1,PassiveLowVid,08Diy,1,True,True,True,True,True,True,1.0,1.0,1.0,1.0,0.9463464368438071,0.5710486547839801
55,55,1,PassiveMixedVid,08Diy,1,True,True,True,True,True,True,0.9918006774957748,1.0,1.0,1.0,0.988950476756079,0.5771157082054835
56,56,1,ActiveHighVid,09Nature,1,True,True,True,True,True,True,1.0,1.0,1.0,1.0,0.9435417876564067,0.5013429861147775
57,57,1,ActiveLowVid,09Nature,1,True,True,False,True,True,True,0.9670277904780998,1.0,,1.0,0.8898689025496854,0.5129101126190783
58,58,1,ActiveMixedVid,09Nature,1,True,True,True,True,True,True,1.0,1.0,1.0,1.0,0.9520835395427101,0.575228479989442
59,59,1,PVT,09Nature,1,True,True,True,True,True,True,1.0,1.0,1.0,1.0,1.0,0.5588897883828523
60,60,1,PassiveHighVid,09Nature,1,True,True,True,True,True,True,0.9836152743855728,1.0,1.0,1.0,0.8414809584457921,0.4611744986372965
61,61,1,PassiveLowVid,09Nature,1,True,True,True,True,True,True,0.9618490218392672,1.0,1.0,1.0,0.8976517208725291,0.4980615231313908
62,62,1,PassiveMixedVid,09Nature,1,True,True,True,True,True,True,0.9273877435383696,1.0,1.0,1.0,0.9151108999359875,0.5408788844674097
63,63,1,ActiveHighVid,10Travel,1,True,True,True,True,True,True,0.9737949101562132,1.0,1.0,1.0,0.9473296950579726,0.4990992298910497
64,64,1,ActiveLowVid,10Travel,1,True,True,True,True,True,True,1.0,1.0,1.0,1.0,0.6643558998792374,0.33769310465430885
65,65,1,ActiveMixedVid,10Travel,1,True,True,True,True,True,True,0.9602100326832512,1.0,1.0,1.0,0.9252718825889558,0.4745967954809418
66,66,1,PVT,10Travel,1,True,True,True,True,True,True,0.991175933304564,1.0,1.0,1.0,0.979182692659912,0.5129856333838839
67,67,1,PassiveHighVid,10Travel,1,True,True,True,True,True,True,0.9615793630603394,1.0,1.0,1.0,0.9470055129046838,0.47710874377695006
68,68,1,PassiveLowVid,10Travel,1,True,True,True,True,True,True,0.9366020838113356,1.0,1.0,1.0,0.8753142713853017,0.4686949406431263
69,69,1,PassiveMixedVid,10Travel,1,True,True,True,True,True,True,0.991433260134956,1.0,1.0,1.0,0.8933953205993276,0.4523464643831684
70,0,2,ActiveHighVid,01Baby,1,True,True,True,True,True,True,0.9378384406230424,1.0,1.0,1.0,1.0,0.7266307647633378
71,1,2,ActiveLowVid,01Baby,1,True,True,True,True,True,True,1.0,1.0,1.0,1.0,0.964170692431562,0.5336184366832977
72,2,2,ActiveMixedVid,01Baby,1,True,True,True,True,True,True,1.0,1.0,1.0,1.0,0.9923052556555712,0.6982155584299026
73,3,2,MID,01Baby,1,False,False,False,False,False,False,,,,,1.0,0.0
74,4,2,MovieThePresent,01Baby,1,False,False,False,False,False,False,,,,,1.0,0.0
75,5,2,PVT,01Baby,1,True,True,True,True,True,True,0.945945945945946,1.0,1.0,1.0,1.0,0.7551063767436409
76,6,2,PassiveHighVid,01Baby,1,True,True,True,True,True,True,0.9909991632840528,1.0,1.0,1.0,0.9434248645509559,0.5235691235572449
77,7,2,PassiveLowVid,01Baby,1,True,True,True,True,True,True,0.9273915634660944,1.0,1.0,1.0,0.9960405448210327,0.7212675535846268
78,8,2,PassiveMixedVid,01Baby,1,True,True,True,True,True,True,1.0,1.0,1.0,1.0,0.9954796518342055,0.646277806740268
79,9,2,Rest,01Baby,1,False,False,False,False,False,False,,,,,1.0,0.0
80,10,2,VisualLoc,01Baby,1,False,False,False,False,False,False,,,,,1.0,0.0
81,11,2,ActiveHighVid,02Diy,1,True,True,True,True,True,True,0.9840628444792416,1.0,1.0,1.0,1.0,0.7330601309259845
82,12,2,ActiveLowVid,02Diy,1,True,True,True,True,True,True,1.0,1.0,1.0,1.0,1.0,0.7548835858719181
83,13,2,ActiveMixedVid,02Diy,1,True,True,True,True,True,True,1.0,1.0,1.0,1.0,0.9960470656556658,0.7195330390080048
84,14,2,MID,02Diy,1,False,False,False,False,False,False,,,,,1.0,0.0
85,15,2,MovieThePresent,02Diy,1,False,False,False,False,False,False,,,,,1.0,0.0
86,16,2,PVT,02Diy,1,True,True,True,True,True,True,0.9909520034461664,1.0,1.0,1.0,1.0,0.7549158949712812
87,17,2,PassiveHighVid,02Diy,1,True,True,True,True,True,True,1.0,1.0,1.0,1.0,1.0,0.7742471936805845
88,18,2,PassiveLowVid,02Diy,1,True,True,True,True,True,True,1.0,1.0,1.0,1.0,1.0,0.7421091878551113
89,19,2,PassiveMixedVid,02Diy,1,True,True,True,True,True,True,1.0,1.0,1.0,1.0,1.0,0.7593316086795839
90,20,2,Rest,02Diy,1,False,False,False,False,False,False,,,,,1.0,0.0
91,21,2,VisualLoc,02Diy,1,False,False,False,False,False,False,,,,,1.0,0.0
92,22,2,ActiveHighVid,03Nature,1,True,True,True,True,True,True,0.9716745243445446,1.0,1.0,1.0,1.0,0.8126616862890027
93,23,2,ActiveLowVid,03Nature,1,True,True,True,True,True,True,1.0,1.0,1.0,1.0,0.994865770926273,0.805862788057968
94,24,2,ActiveMixedVid,03Nature,1,True,True,True,True,True,True,1.0,1.0,1.0,1.0,1.0,0.8179826298144188
95,25,2,MID,03Nature,1,False,False,False,False,False,False,,,,,1.0,0.0
96,26,2,MovieThePresent,03Nature,1,False,False,False,False,False,False,,,,,1.0,0.0
97,27,2,PVT,03Nature,1,True,True,True,True,True,True,0.9819101296398492,1.0,1.0,1.0,1.0,0.7990285500780236
98,28,2,PassiveHighVid,03Nature,1,True,True,True,True,True,True,1.0,1.0,1.0,1.0,0.9909661411763153,0.7956328650332253
99,29,2,PassiveLowVid,03Nature,1,True,True,True,True,True,True,0.9807463357198848,1.0,1.0,1.0,1.0,0.8013079400274522
100,30,2,PassiveMixedVid,03Nature,1,True,True,True,True,True,True,0.9917784338072644,1.0,1.0,1.0,1.0,0.7958943971916674
101,31,2,Rest,03Nature,1,False,False,False,False,False,False,,,,,1.0,0.0
102,32,2,VisualLoc,03Nature,1,False,False,False,False,False,False,,,,,1.0,0.0
103,33,2,ActiveHighVid,04EntSports,1,True,True,False,True,True,True,1.0,1.0,,1.0,1.0,0.7193983950161026
104,34,2,ActiveLowVid,04EntSports,1,True,True,True,True,True,True,1.0,1.0,1.0,1.0,0.9762420146771553,0.6594688770392271
105,35,2,ActiveMixedVid,04EntSports,1,True,True,True,True,True,True,0.9840414071415522,1.0,1.0,1.0,0.9389108473167095,0.6719080957314136
106,36,2,MID,04EntSports,1,False,False,False,False,False,False,,,,,1.0,0.0
107,37,2,MovieThePresent,04EntSports,1,False,False,False,False,False,False,,,,,1.0,0.0
108,38,2,PVT,04EntSports,1,True,True,True,True,True,True,0.9820497869316268,1.0,1.0,1.0,1.0,0.7955779247895558
109,39,2,PassiveHighVid,04EntSports,1,True,True,True,True,True,True,0.9836203737332414,1.0,1.0,1.0,1.0,0.7872928723678045
110,40,2,PassiveLowVid,04EntSports,1,True,True,True,True,True,True,1.0,1.0,1.0,1.0,0.985336914416941,0.7327847324415819
111,41,2,PassiveMixedVid,04EntSports,1,True,True,True,True,True,True,1.0,1.0,1.0,1.0,0.995763271124251,0.7110973259773513
112,42,2,Rest,04EntSports,1,False,False,False,False,False,False,,,,,1.0,0.0
113,43,2,VisualLoc,04EntSports,1,False,False,False,False,False,False,,,,,1.0,0.0
114,44,2,ActiveHighVid,05Advice,1,True,True,True,True,True,True,0.9823633417673284,1.0,1.0,1.0,0.9696351733058789,0.7287426414297405
115,45,2,ActiveLowVid,05Advice,1,True,True,True,True,True,True,1.0,1.0,1.0,1.0,0.993255594490969,0.722958035543413
116,46,2,ActiveMixedVid,05Advice,1,True,True,True,True,True,True,0.9672117426567368,1.0,1.0,1.0,0.9966672826144343,0.7522636080460376
117,47,2,MID,05Advice,1,False,False,False,False,False,False,,,,,1.0,0.0
118,48,2,MovieThePresent,05Advice,1,False,False,False,False,False,False,,,,,1.0,0.0
119,49,2,PVT,05Advice,1,True,True,True,True,True,True,1.0,1.0,1.0,1.0,1.0,0.6414400421990388
120,50,2,PassiveHighVid,05Advice,1,True,True,True,True,True,True,1.0,1.0,1.0,1.0,1.0,0.7615361754119473
121,51,2,PassiveLowVid,05Advice,1,True,True,True,True,True,True,1.0,1.0,1.0,1.0,0.9907549161937442,0.7275636795565528
122,52,2,PassiveMixedVid,05Advice,1,True,True,True,True,True,True,0.9364810640734142,1.0,1.0,1.0,0.9933083441121348,0.6974566428213183
123,53,2,Rest,05Advice,1,False,False,False,False,False,False,,,,,1.0,0.0
124,54,2,VisualLoc,05Advice,1,False,False,False,False,False,False,,,,,1.0,0.0
125,55,2,ActiveHighVid,06Travel,1,True,True,True,True,True,True,1.0,1.0,1.0,1.0,0.9801186414954899,0.6840757774713129
126,56,2,ActiveLowVid,06Travel,1,True,True,True,True,True,True,1.0,1.0,1.0,1.0,1.0,0.7651926592185407
127,57,2,ActiveMixedVid,06Travel,1,True,True,True,True,True,True,0.9913933535833016,1.0,1.0,1.0,0.9895404392355612,0.7470436067997044
128,58,2,MID,06Travel,1,False,False,False,False,False,False,,,,,1.0,0.0
129,59,2,MovieThePresent,06Travel,1,False,False,False,False,False,False,,,,,1.0,0.0
130,60,2,PVT,06Travel,1,True,True,True,True,True,True,1.0,1.0,1.0,1.0,0.9913916891337475,0.6784740944789591
131,61,2,PassiveHighVid,06Travel,1,True,True,True,True,True,True,1.0,1.0,1.0,1.0,0.9809424512178222,0.7484377165255608
132,62,2,PassiveLowVid,06Travel,1,True,True,True,True,True,True,0.9832149472708424,1.0,1.0,1.0,0.9676305994773381,0.698340944486973
133,63,2,PassiveMixedVid,06Travel,1,True,True,True,True,True,True,1.0,1.0,1.0,1.0,0.9883456959586094,0.7297996462793337
134,64,2,Rest,06Travel,1,False,False,False,False,False,False,,,,,1.0,0.0
135,65,2,VisualLoc,06Travel,1,False,False,False,False,False,False,,,,,1.0,0.0
136,66,2,ActiveHighVid,07Fitness,1,True,True,True,True,True,True,1.0,1.0,1.0,1.0,0.9883321894303363,0.6921823029407106
137,67,2,ActiveLowVid,07Fitness,1,True,True,True,True,True,False,0.9918098650212678,1.0,1.0,1.0,1.0,0.0
138,68,2,ActiveMixedVid,07Fitness,1,True,True,True,True,True,True,0.973735398971562,1.0,1.0,1.0,1.0,0.7093317143667883
139,69,2,MID,07Fitness,1,False,False,False,False,False,False,,,,,1.0,0.0
140,70,2,MovieThePresent,07Fitness,1,False,False,False,False,False,False,,,,,1.0,0.0
141,71,2,PVT,07Fitness,1,True,True,True,True,True,True,0.9877605043122178,1.0,1.0,1.0,0.8743333137967413,0.5951383190716212
142,72,2,PassiveHighVid,07Fitness,1,True,True,True,True,True,True,0.9548777403312376,1.0,1.0,1.0,0.9115638177822653,0.6630964872338039
143,73,2,PassiveLowVid,07Fitness,1,True,True,True,True,True,True,0.9913780713259686,1.0,1.0,1.0,0.960200088429583,0.6785518665901157
144,74,2,PassiveMixedVid,07Fitness,1,True,True,True,True,True,True,1.0,1.0,1.0,1.0,0.924241824372476,0.6448517961305988
145,75,2,Rest,07Fitness,1,False,False,False,False,False,False,,,,,1.0,0.0
146,76,2,VisualLoc,07Fitness,1,False,False,False,False,False,False,,,,,1.0,0.0
147,77,2,ActiveHighVid,08Beauty,1,True,True,True,True,True,True,0.9688183551316814,1.0,1.0,1.0,1.0,0.6577821184995034
148,78,2,ActiveLowVid,08Beauty,1,True,True,True,True,True,True,1.0,1.0,1.0,1.0,0.9599456218674005,0.6253155284544798
149,79,2,ActiveMixedVid,08Beauty,1,True,True,True,True,True,True,1.0,1.0,1.0,1.0,0.9561194827648785,0.6290002738614129
150,80,2,MID,08Beauty,1,False,False,False,False,False,False,,,,,1.0,0.0
151,81,2,MovieThePresent,08Beauty,1,False,False,False,False,False,False,,,,,1.0,0.0
152,82,2,PVT,08Beauty,1,True,True,True,True,True,True,0.990926884243594,1.0,1.0,1.0,0.9055484126199189,0.5767902211379612
153,83,2,PassiveHighVid,08Beauty,1,True,True,True,True,True,True,0.991789986558864,1.0,1.0,1.0,0.9212218596471548,0.6078547177468581
154,84,2,PassiveLowVid,08Beauty,1,True,True,True,True,True,True,0.9835961932724604,1.0,1.0,1.0,0.9290006038149224,0.5723142609206363
155,85,2,PassiveMixedVid,08Beauty,1,True,True,True,True,True,True,1.0,1.0,1.0,1.0,0.9763253669980565,0.6156625432660104
156,86,2,Rest,08Beauty,1,False,False,False,False,False,False,,,,,1.0,0.0
157,87,2,VisualLoc,08Beauty,1,False,False,False,False,False,False,,,,,1.0,0.0
158,88,2,ActiveHighVid,09Pets,1,True,True,True,True,True,True,1.0,1.0,1.0,1.0,0.9965584372731472,0.6875041245957896
159,89,2,ActiveLowVid,09Pets,1,True,True,True,True,True,True,1.0,1.0,1.0,1.0,0.9837232322565744,0.6716501138350877
160,90,2,ActiveMixedVid,09Pets,1,True,True,True,True,True,True,1.0,1.0,1.0,1.0,1.0,0.6792491429287913
161,91,2,MID,09Pets,1,False,False,False,False,False,False,,,,,1.0,0.0
162,92,2,MovieThePresent,09Pets,1,False,False,False,False,False,False,,,,,1.0,0.0
163,93,2,PVT,09Pets,1,True,True,True,True,True,True,1.0,1.0,1.0,1.0,1.0,0.7424805764250365
164,94,2,PassiveHighVid,09Pets,1,True,True,True,True,True,True,1.0,1.0,1.0,1.0,0.9617447937287196,0.6436574550637422
165,95,2,PassiveLowVid,09Pets,1,True,True,True,True,True,True,1.0,1.0,1.0,1.0,0.9961530974823574,0.6915780548398058
166,96,2,PassiveMixedVid,09Pets,1,True,True,True,True,True,True,1.0,1.0,1.0,1.0,0.946200620939724,0.6258293768497042
167,97,2,Rest,09Pets,1,False,False,False,False,False,False,,,,,1.0,0.0
168,98,2,VisualLoc,09Pets,1,False,False,False,False,False,False,,,,,1.0,0.0
169,99,2,ActiveHighVid,10Food,1,True,True,True,True,True,True,0.9626910050748764,1.0,1.0,1.0,1.0,0.7492716084008381
170,100,2,ActiveLowVid,10Food,1,True,True,True,True,True,True,1.0,1.0,1.0,1.0,0.9717109061814343,0.679697114670802
171,101,2,ActiveMixedVid,10Food,1,True,True,True,True,True,True,0.9909592099811244,1.0,1.0,1.0,0.9706632526801005,0.6700993509685977
172,102,2,MID,10Food,1,False,False,False,False,False,False,,,,,1.0,0.0
173,103,2,MovieThePresent,10Food,1,False,False,False,False,False,False,,,,,1.0,0.0
174,104,2,PVT,10Food,1,True,True,True,True,True,True,1.0,1.0,1.0,1.0,0.7912196979962863,0.5284332504404068
175,105,2,PassiveHighVid,10Food,1,True,True,True,True,True,True,1.0,1.0,1.0,1.0,0.9859173054143143,0.7138619513176955
176,106,2,PassiveLowVid,10Food,1,True,True,True,True,True,True,1.0,1.0,1.0,1.0,0.981555537957977,0.699460854186464
177,107,2,PassiveMixedVid,10Food,1,True,True,True,True,True,True,1.0,1.0,1.0,1.0,1.0,0.7216941132994361
178,108,2,Rest,10Food,1,False,False,False,False,False,False,,,,,1.0,0.0
179,109,2,VisualLoc,10Food,1,False,False,False,False,False,False,,,,,1.0,0.0
180,110,2,ActiveHighVid,misc,1,False,False,False,False,False,False,,,,,1.0,0.0
181,111,2,ActiveLowVid,misc,1,False,False,False,False,False,False,,,,,1.0,0.0
182,112,2,ActiveMixedVid,misc,1,False,False,False,False,False,False,,,,,1.0,0.0
183,113,2,MID,misc,1,True,True,True,True,True,False,0.990578011969006,1.0,1.0,1.0,1.0,0.0
184,114,2,MovieThePresent,misc,1,True,True,True,True,True,True,0.9307864596475792,1.0,1.0,1.0,0.9860428934538186,0.7119571608187928
185,115,2,PVT,misc,1,False,False,False,False,False,False,,,,,1.0,0.0
186,116,2,PassiveHighVid,misc,1,False,False,False,False,False,False,,,,,1.0,0.0
187,117,2,PassiveLowVid,misc,1,False,False,False,False,False,False,,,,,1.0,0.0
188,118,2,PassiveMixedVid,misc,1,False,False,False,False,False,False,,,,,1.0,0.0
189,119,2,Rest,misc,1,True,True,True,True,True,True,1.0,1.0,1.0,1.0,0.4116296274593106,0.24887930150451942
190,120,2,VisualLoc,misc,1,True,True,True,True,True,False,0.9808676816176908,1.0,1.0,1.0,1.0,0.0
191,0,3,ActiveHighVid,01Fitness,1,True,True,True,True,True,True,1.0,1.0,1.0,1.0,1.0,0.7541048519085581
192,1,3,ActiveLowVid,01Fitness,1,True,True,True,True,True,True,0.9824377847965512,1.0,1.0,1.0,1.0,0.7353249787175071
193,2,3,ActiveMixedVid,01Fitness,1,True,True,True,True,True,True,0.9918213825282872,1.0,1.0,1.0,1.0,0.7574437757364587
194,3,3,PVT,01Fitness,1,True,True,True,True,True,True,0.9909457268866088,1.0,1.0,1.0,1.0,0.7525495252608135
195,4,3,PassiveHighVid,01Fitness,1,True,True,True,True,True,True,0.9561756582098268,1.0,1.0,1.0,0.9826110484184963,0.727023156672144
196,5,3,PassiveLowVid,01Fitness,1,True,True,True,True,True,True,0.9918483489604566,1.0,1.0,1.0,1.0,0.7469726066269393
197,6,3,PassiveMixedVid,01Fitness,1,True,True,True,True,True,True,1.0,1.0,1.0,1.0,1.0,0.7355299365831447
198,7,3,ActiveHighVid,02Advice,1,True,True,True,True,True,True,0.9156119523567324,1.0,1.0,1.0,1.0,0.7042802840324156
199,8,3,ActiveLowVid,02Advice,1,False,False,False,False,False,True,,,,,0.5005939339545442,0.3124686534857324
200,9,3,ActiveMixedVid,02Advice,1,True,True,True,True,True,True,1.0,1.0,1.0,1.0,1.0,0.6954636644405142
201,10,3,PVT,02Advice,1,True,True,True,True,True,True,0.9614378850194868,1.0,1.0,1.0,0.8642890634157777,0.4470240886179815
202,11,3,PassiveHighVid,02Advice,1,True,True,True,True,True,True,1.0,1.0,1.0,1.0,0.7995032992291891,0.5327247868215774
203,12,3,PassiveLowVid,02Advice,1,True,True,True,True,True,True,0.9835486131146188,1.0,1.0,1.0,0.9213236992312515,0.5269853838793758
204,13,3,PassiveMixedVid,02Advice,1,True,True,True,True,True,True,0.9707485991650928,1.0,1.0,1.0,0.8979885436739434,0.5983356650740438
205,14,3,ActiveHighVid,03Travel,1,True,True,True,True,True,True,0.9819870655468927,1.0,1.0,1.0,1.0,0.7171111243095564
206,15,3,ActiveLowVid,03Travel,1,True,True,True,True,True,True,1.0,1.0,1.0,1.0,1.0,0.7020780952003854
207,16,3,ActiveMixedVid,03Travel,1,True,True,True,True,True,True,0.9810942059912564,1.0,1.0,1.0,1.0,0.7633173191141145
208,17,3,PVT,03Travel,1,True,True,True,True,True,True,1.0,1.0,1.0,1.0,1.0,0.6846011267646908
209,18,3,PassiveHighVid,03Travel,1,True,True,True,True,True,True,1.0,1.0,1.0,1.0,1.0,0.7662221107716267
210,19,3,PassiveLowVid,03Travel,1,True,True,True,True,True,True,1.0,1.0,1.0,1.0,0.9965091033872916,0.6549621544573273
211,20,3,PassiveMixedVid,03Travel,1,True,True,True,True,True,True,0.9836171143639464,1.0,1.0,1.0,1.0,0.7365045006995222
212,21,3,ActiveHighVid,04Food,1,True,True,True,True,True,True,0.9794058452850528,1.0,1.0,1.0,1.0,0.6164603241645108
213,22,3,ActiveLowVid,04Food,1,True,True,True,True,True,True,0.9828429289594623,1.0,1.0,1.0,1.0,0.6955296571021302
214,23,3,ActiveMixedVid,04Food,1,True,True,True,True,True,True,1.0,1.0,1.0,1.0,1.0,0.6847617350676091
215,24,3,PVT,04Food,1,True,True,True,True,True,True,1.0,1.0,1.0,1.0,1.0,0.5819468559748566
216,25,3,PassiveHighVid,04Food,1,True,True,True,True,True,True,1.0,1.0,1.0,1.0,1.0,0.7055834548658083
217,26,3,PassiveLowVid,04Food,1,True,True,True,True,True,True,1.0,1.0,1.0,1.0,0.9886562357708019,0.5911493562628269
218,27,3,PassiveMixedVid,04Food,1,True,True,True,True,True,True,1.0,1.0,1.0,1.0,1.0,0.6588885882655721
219,28,3,ActiveHighVid,05Nature,1,True,True,True,True,True,True,1.0,1.0,1.0,1.0,0.9945028475645569,0.6955712617053711
220,29,3,ActiveLowVid,05Nature,1,True,True,True,True,True,True,0.973356296055012,1.0,1.0,1.0,1.0,0.5381325730577334
221,30,3,ActiveMixedVid,05Nature,1,True,True,True,True,True,True,0.9749779146866512,1.0,1.0,1.0,1.0,0.6627530952192392
222,31,3,PVT,05Nature,1,True,True,True,True,True,True,1.0,1.0,1.0,1.0,1.0,0.6691258351893096
223,32,3,PassiveHighVid,05Nature,1,True,True,True,True,True,True,0.983611022016306,1.0,1.0,1.0,1.0,0.5438737734018755
224,33,3,PassiveLowVid,05Nature,1,True,True,True,True,True,True,0.9893309268454508,1.0,1.0,1.0,0.9409781109564,0.5413067435675776
225,34,3,PassiveMixedVid,05Nature,1,True,True,True,True,True,True,1.0,1.0,1.0,1.0,0.9952023651613839,0.590036493701042
226,35,3,ActiveHighVid,06Diy,1,True,True,True,True,True,True,0.9613924107843548,1.0,1.0,1.0,1.0,0.7639392079613022
227,36,3,ActiveLowVid,06Diy,1,True,True,True,True,True,True,1.0,1.0,1.0,1.0,1.0,0.747117789524394
228,37,3,ActiveMixedVid,06Diy,1,True,True,True,True,True,True,1.0,1.0,1.0,1.0,1.0,0.7602755999049655
229,38,3,PVT,06Diy,1,True,True,True,True,True,True,0.9877462644816049,1.0,1.0,1.0,1.0,0.7848361856757707
230,39,3,PassiveHighVid,06Diy,1,True,True,True,True,True,True,0.9549244173693618,1.0,1.0,1.0,0.9965946887703923,0.7481587561374795
231,40,3,PassiveLowVid,06Diy,1,True,True,False,True,True,True,1.0,1.0,,1.0,1.0,0.7758421590946584
232,41,3,PassiveMixedVid,06Diy,1,True,True,True,True,True,True,1.0,1.0,1.0,1.0,1.0,0.7812011270877188
233,42,3,ActiveHighVid,07Beauty,1,True,True,True,True,True,True,1.0,1.0,1.0,1.0,1.0,0.7767256169988122
234,43,3,ActiveLowVid,07Beauty,1,True,True,True,True,True,True,1.0,1.0,1.0,1.0,1.0,0.74810601061162
235,44,3,ActiveMixedVid,07Beauty,1,True,True,False,True,True,True,1.0,1.0,,1.0,0.9888142438560832,0.7249887812475253
236,45,3,PVT,07Beauty,1,True,True,True,True,True,True,1.0,1.0,1.0,1.0,1.0,0.7638995728843857
237,46,3,PassiveHighVid,07Beauty,1,True,True,True,True,True,True,1.0,1.0,1.0,1.0,1.0,0.7144591749869669
238,47,3,PassiveLowVid,07Beauty,1,True,True,True,True,True,True,1.0,1.0,1.0,1.0,1.0,0.7540204702481902
239,48,3,PassiveMixedVid,07Beauty,1,True,True,True,True,True,True,1.0,1.0,1.0,1.0,1.0,0.7267652105054772
240,49,3,ActiveHighVid,08Pets,1,True,True,True,True,True,True,1.0,1.0,1.0,1.0,0.9569460712341422,0.557470676542884
241,50,3,ActiveLowVid,08Pets,1,True,True,True,True,True,True,0.9824653096398904,1.0,1.0,1.0,0.9852667493796526,0.590445330235996
242,51,3,ActiveMixedVid,08Pets,1,True,True,True,True,True,True,1.0,1.0,1.0,1.0,1.0,0.6627851342477867
243,52,3,PVT,08Pets,1,True,True,True,True,True,True,1.0,1.0,1.0,1.0,0.9958058147159127,0.6015817023630297
244,53,3,PassiveHighVid,08Pets,1,True,True,True,True,True,True,1.0,1.0,1.0,1.0,1.0,0.6726140791353378
245,54,3,PassiveLowVid,08Pets,1,True,True,True,True,True,True,1.0,1.0,1.0,1.0,0.9821139284359173,0.654743718758764
246,55,3,PassiveMixedVid,08Pets,1,True,True,True,True,True,True,0.9627825423552612,1.0,1.0,1.0,0.9465062800848562,0.5794108234548879
247,56,3,ActiveHighVid,09Baby,1,True,True,True,True,True,True,1.0,1.0,1.0,1.0,1.0,0.7211917252301296
248,57,3,ActiveLowVid,09Baby,1,True,True,True,True,True,True,1.0,1.0,1.0,1.0,1.0,0.6767736762391233
249,58,3,ActiveMixedVid,09Baby,1,True,True,True,True,True,True,1.0,1.0,1.0,1.0,1.0,0.6996330711155694
250,59,3,PVT,09Baby,1,True,True,True,True,True,True,1.0,1.0,1.0,1.0,1.0,0.7346132149424529
251,60,3,PassiveHighVid,09Baby,1,True,True,True,True,True,True,1.0,1.0,1.0,1.0,1.0,0.7015207557255183
252,61,3,PassiveLowVid,09Baby,1,True,True,True,True,True,True,1.0,1.0,1.0,1.0,0.9957369162594409,0.6834297366588906
253,62,3,PassiveMixedVid,09Baby,1,True,True,True,True,True,True,1.0,1.0,1.0,1.0,1.0,0.7126210004684953
254,63,3,ActiveHighVid,10EntSports,1,True,True,True,True,True,True,0.970579790640928,1.0,1.0,1.0,0.7318566083060009,0.499848213873252
255,64,3,ActiveLowVid,10EntSports,1,True,True,True,True,True,True,0.9488600764689392,1.0,1.0,1.0,0.7517636422429438,0.4777507209650703
256,65,3,ActiveMixedVid,10EntSports,1,True,True,True,True,True,True,1.0,1.0,1.0,1.0,1.0,0.7301904161703616
257,66,3,PVT,10EntSports,1,True,True,True,True,True,True,1.0,1.0,1.0,1.0,1.0,0.6440934382932896
258,67,3,PassiveHighVid,10EntSports,1,True,True,True,True,True,True,0.9754325406971788,1.0,1.0,1.0,0.8934713459863263,0.5921290552490563
259,68,3,PassiveLowVid,10EntSports,1,True,True,True,True,True,True,1.0,1.0,1.0,1.0,0.580066054949007,0.3264209897684117
260,69,3,PassiveMixedVid,10EntSports,1,True,True,True,True,True,True,0.9782907915092436,1.0,1.0,1.0,0.9901008394488148,0.6660980148883374
261,0,4,ActiveHighVid,01Food,1,True,True,True,True,True,True,1.0,1.0,1.0,1.0,1.0,0.6646363594369692
262,1,4,ActiveLowVid,01Food,1,True,True,True,True,True,True,1.0,1.0,1.0,1.0,0.9963438135212903,0.648029355085663
263,2,4,ActiveMixedVid,01Food,1,True,True,True,True,True,True,0.9841222181244962,1.0,1.0,1.0,0.9960732034080635,0.6854998911056407
264,3,4,PVT,01Food,1,True,True,True,True,True,True,1.0,1.0,1.0,1.0,1.0,0.747340581408979
265,4,4,PassiveHighVid,01Food,1,True,True,True,True,True,True,1.0,1.0,1.0,1.0,0.9853372046984294,0.6151379173815494
266,5,4,PassiveLowVid,01Food,1,True,True,True,True,True,True,1.0,1.0,1.0,1.0,0.9896988174427199,0.6155171048463731
267,6,4,PassiveMixedVid,01Food,1,True,True,True,True,True,True,1.0,1.0,1.0,1.0,0.9965551830636433,0.6156257424174432
268,7,4,ActiveHighVid,02Pets,1,True,True,True,True,True,True,0.9760498612976556,1.0,1.0,1.0,1.0,0.6507413835199715
269,8,4,ActiveLowVid,02Pets,1,True,True,True,True,True,True,0.9897844556324732,1.0,1.0,1.0,0.975497086443217,0.581219932291976
270,9,4,ActiveMixedVid,02Pets,1,True,True,True,True,True,True,0.992003160982976,1.0,1.0,1.0,0.7976005068236413,0.38728453395982365
271,10,4,PVT,02Pets,1,True,True,True,True,True,True,1.0,1.0,1.0,1.0,1.0,0.7824494311230283
272,11,4,PassiveHighVid,02Pets,1,True,True,True,True,True,True,1.0,1.0,1.0,1.0,0.9964628166801951,0.6916183273610369
273,12,4,PassiveLowVid,02Pets,1,True,True,True,True,True,True,0.9921507976384876,1.0,1.0,1.0,0.9624052211671077,0.5187841913196117
274,13,4,PassiveMixedVid,02Pets,1,True,True,True,True,True,True,0.9914130084413662,1.0,1.0,1.0,0.9861943351899268,0.591967373228097
275,14,4,ActiveHighVid,03Advice,1,True,True,True,True,True,True,0.9836562971397906,1.0,1.0,1.0,0.9963577098440809,0.7587510639842168
276,15,4,ActiveLowVid,03Advice,1,True,True,True,True,True,True,1.0,1.0,1.0,1.0,1.0,0.704357065547372
277,16,4,ActiveMixedVid,03Advice,1,True,True,True,True,True,True,0.9754249883387972,1.0,1.0,1.0,0.9200480398044094,0.676364812163045
278,17,4,PVT,03Advice,1,True,True,True,True,True,True,1.0,1.0,1.0,1.0,0.8663770366897199,0.5653205954753253
279,18,4,PassiveHighVid,03Advice,1,True,True,True,True,True,False,1.0,1.0,1.0,1.0,1.0,0.0
280,19,4,PassiveLowVid,03Advice,1,True,True,True,True,True,True,1.0,1.0,1.0,1.0,1.0,0.730099445034677
281,20,4,PassiveMixedVid,03Advice,1,True,True,True,True,True,True,1.0,1.0,1.0,1.0,1.0,0.728073011871688
282,21,4,ActiveHighVid,04Nature,1,True,True,True,True,True,True,0.9828343864944656,1.0,1.0,1.0,0.9893362192409975,0.7551157772484014
283,22,4,ActiveLowVid,04Nature,1,True,True,True,True,True,True,0.984009272651752,1.0,1.0,1.0,1.0,0.7019448422414192
284,23,4,ActiveMixedVid,04Nature,1,True,True,True,True,True,True,0.9672664566787226,1.0,1.0,1.0,0.9803732643471833,0.6893049469404995
285,24,4,PVT,04Nature,1,True,True,True,True,True,True,1.0,1.0,1.0,1.0,0.9954577756287684,0.7586686886891287
286,25,4,PassiveHighVid,04Nature,1,True,True,True,True,True,True,0.969688152619,1.0,1.0,1.0,1.0,0.7669671611847315
287,26,4,PassiveLowVid,04Nature,1,True,True,True,True,True,True,0.9658109200269184,1.0,1.0,1.0,0.968156859639397,0.6673662258124126
288,27,4,PassiveMixedVid,04Nature,1,True,True,True,True,True,True,1.0,1.0,1.0,1.0,0.9959745539013831,0.7003022384119945
289,28,4,ActiveHighVid,05Diy,1,True,True,True,True,True,True,0.9796745884364448,1.0,1.0,1.0,0.1605039299408034,0.09073180711282988
290,29,4,ActiveLowVid,05Diy,1,True,True,True,True,True,True,0.9893875957468704,1.0,1.0,1.0,1.0,0.6898316493872461
291,30,4,ActiveMixedVid,05Diy,1,True,True,True,True,True,True,0.980394271417479,1.0,1.0,1.0,0.9963011357262115,0.6582196617238489
292,31,4,PVT,05Diy,1,True,True,True,True,True,True,1.0,1.0,1.0,1.0,0.9956556935688881,0.6536496203310611
293,32,4,PassiveHighVid,05Diy,1,True,True,True,True,True,True,1.0,1.0,1.0,1.0,0.9894945575605201,0.6439499671704924
294,33,4,PassiveLowVid,05Diy,1,True,True,True,True,True,True,1.0,1.0,1.0,1.0,0.8806435540656027,0.5265139391619675
295,34,4,PassiveMixedVid,05Diy,1,True,True,True,True,True,True,1.0,1.0,1.0,1.0,0.9648877377633337,0.5849118234158734
296,35,4,ActiveHighVid,06Fitness,1,True,True,True,True,True,True,0.9917992787564496,1.0,1.0,1.0,0.9945365827908956,0.6981099083821884
297,36,4,ActiveLowVid,06Fitness,1,True,True,True,True,True,True,0.9322951498103018,1.0,1.0,1.0,0.8922291623359697,0.6029386047401747
298,37,4,ActiveMixedVid,06Fitness,1,True,True,True,True,True,True,0.977676345979966,1.0,1.0,1.0,0.967251790015508,0.6711221829940278
299,38,4,PVT,06Fitness,1,True,True,True,True,True,True,0.6354435773368818,1.0,1.0,1.0,1.0,0.7573307740491514
300,39,4,PassiveHighVid,06Fitness,1,True,True,True,True,True,True,0.8802323500780574,1.0,1.0,1.0,0.9922693678236769,0.6727167744489904
301,40,4,PassiveLowVid,06Fitness,1,True,True,True,True,True,True,0.876617693953443,1.0,1.0,1.0,0.8996436584400158,0.5975254058334433
302,41,4,PassiveMixedVid,06Fitness,1,True,True,True,True,True,True,0.9617164966584594,1.0,1.0,1.0,0.9077387040788718,0.6167569636458423
303,42,4,ActiveHighVid,07Baby,1,True,True,True,True,True,True,1.0,1.0,1.0,1.0,0.9964397428959837,0.71046101864928
304,43,4,ActiveLowVid,07Baby,1,True,True,True,True,True,True,1.0,1.0,1.0,1.0,1.0,0.7208851111008454
305,44,4,ActiveMixedVid,07Baby,1,True,True,True,True,True,True,1.0,1.0,1.0,1.0,0.9773816122901489,0.7110653574068209
306,45,4,PVT,07Baby,1,True,True,True,True,True,True,1.0,1.0,1.0,1.0,1.0,0.7547125577851528
307,46,4,PassiveHighVid,07Baby,1,True,True,True,True,True,True,1.0,1.0,1.0,1.0,0.9949717905572603,0.7118215711504834
308,47,4,PassiveLowVid,07Baby,1,True,True,True,True,True,True,0.9852277191082638,1.0,1.0,1.0,0.9489855512404684,0.6573575168854823
309,48,4,PassiveMixedVid,07Baby,1,True,True,True,True,True,True,0.9924042497914758,1.0,1.0,1.0,0.9922958905917482,0.6874540145503737
310,49,4,ActiveHighVid,08Travel,1,True,True,True,True,True,True,1.0,1.0,1.0,1.0,1.0,0.6789120673557523
311,50,4,ActiveLowVid,08Travel,1,True,True,True,True,True,True,0.9516887674356882,1.0,1.0,1.0,0.9604588932845448,0.6308429870956885
312,51,4,ActiveMixedVid,08Travel,1,True,True,True,True,True,True,0.9367852151259228,1.0,1.0,1.0,0.952786173400029,0.6441623662016445
313,52,4,PVT,08Travel,1,True,True,True,True,True,True,1.0,1.0,1.0,1.0,0.9958569910985751,0.678068793728708
314,53,4,PassiveHighVid,08Travel,1,True,True,True,True,True,True,0.8938963444538568,1.0,1.0,1.0,0.9613377061296133,0.6066298014424949
315,54,4,PassiveLowVid,08Travel,1,True,True,True,True,True,True,0.9733454916435867,1.0,1.0,1.0,0.992665375491202,0.6651280342348466
316,55,4,PassiveMixedVid,08Travel,1,True,True,True,True,True,True,0.9170902320158816,1.0,1.0,1.0,0.9746666710659597,0.6311885679971229
317,0,5,ActiveHighVid,01Beauty,1,True,True,True,True,True,False,1.0,1.0,1.0,1.0,1.0,0.0
318,1,5,ActiveLowVid,01Beauty,1,True,True,True,True,True,False,1.0,1.0,1.0,1.0,1.0,0.0
319,2,5,ActiveMixedVid,01Beauty,1,True,True,True,True,True,False,1.0,1.0,1.0,1.0,1.0,0.0
320,3,5,PVT,01Beauty,1,True,True,True,True,True,False,1.0,1.0,1.0,1.0,1.0,0.0
321,4,5,PassiveHighVid,01Beauty,1,True,True,True,True,True,False,1.0,1.0,1.0,1.0,1.0,0.0
322,5,5,PassiveLowVid,01Beauty,1,True,True,True,True,True,False,0.9790819167053978,1.0,1.0,1.0,1.0,0.0
323,6,5,PassiveMixedVid,01Beauty,1,True,True,True,True,True,False,0.9837318187301722,1.0,1.0,1.0,1.0,0.0
324,7,5,ActiveHighVid,02Fitness,1,True,True,True,True,True,False,1.0,1.0,1.0,1.0,1.0,0.0
325,8,5,ActiveLowVid,02Fitness,1,True,True,True,True,True,False,0.9550704709522172,1.0,1.0,1.0,1.0,0.0
326,9,5,ActiveMixedVid,02Fitness,1,True,True,True,True,True,False,0.9917849865246828,1.0,1.0,1.0,1.0,0.0
327,10,5,PVT,02Fitness,1,True,True,True,True,True,False,1.0,1.0,1.0,1.0,1.0,0.0
328,11,5,PassiveHighVid,02Fitness,1,True,True,True,True,True,False,0.966386196263675,1.0,1.0,1.0,1.0,0.0
329,12,5,PassiveLowVid,02Fitness,1,True,True,True,True,True,False,1.0,1.0,1.0,1.0,1.0,0.0
330,13,5,PassiveMixedVid,02Fitness,1,True,True,True,True,True,False,1.0,1.0,1.0,1.0,1.0,0.0
331,14,5,ActiveHighVid,03Baby,1,True,True,True,True,True,False,0.973787420191573,1.0,1.0,1.0,1.0,0.0
332,15,5,ActiveLowVid,03Baby,1,True,True,True,True,True,False,1.0,1.0,1.0,1.0,1.0,0.0
333,16,5,ActiveMixedVid,03Baby,1,True,True,True,True,True,False,0.946351524674655,1.0,1.0,1.0,1.0,0.0
334,17,5,PVT,03Baby,1,True,True,True,True,True,False,0.9719174822195126,1.0,1.0,1.0,1.0,0.0
335,18,5,PassiveHighVid,03Baby,1,True,True,True,True,True,False,1.0,1.0,1.0,1.0,1.0,0.0
336,19,5,PassiveLowVid,03Baby,1,True,True,True,True,True,False,0.8812983031378554,1.0,1.0,1.0,1.0,0.0
337,20,5,PassiveMixedVid,03Baby,1,False,False,False,False,False,False,,,,,1.0,0.0
338,21,5,ActiveHighVid,04Pets,1,True,True,True,True,True,False,0.9282208609097594,1.0,1.0,1.0,1.0,0.0
339,22,5,ActiveLowVid,04Pets,1,True,True,True,True,True,False,0.9319935376360567,1.0,1.0,1.0,1.0,0.0
340,23,5,ActiveMixedVid,04Pets,1,True,True,True,True,True,False,0.9425392627152056,1.0,1.0,1.0,1.0,0.0
341,24,5,PVT,04Pets,1,True,True,True,True,True,False,0.9745870232342286,1.0,1.0,1.0,1.0,0.0
342,25,5,PassiveHighVid,04Pets,1,True,True,True,True,True,False,0.9279851372056708,1.0,1.0,1.0,1.0,0.0
343,26,5,PassiveLowVid,04Pets,1,True,True,True,True,True,False,0.9431149666377012,1.0,1.0,1.0,1.0,0.0
344,27,5,PassiveMixedVid,04Pets,1,True,True,True,True,True,False,0.928206150944604,1.0,1.0,1.0,1.0,0.0
345,28,5,ActiveHighVid,05EntSports,1,True,True,True,True,True,False,0.9406239525188312,1.0,1.0,1.0,1.0,0.0
346,29,5,ActiveLowVid,05EntSports,1,True,True,True,True,True,False,0.9462408052016288,1.0,1.0,1.0,1.0,0.0
347,30,5,ActiveMixedVid,05EntSports,1,True,True,True,True,True,False,0.9823784064092844,1.0,1.0,1.0,1.0,0.0
348,31,5,PVT,05EntSports,1,True,True,True,True,True,False,0.9900636371768332,1.0,1.0,1.0,1.0,0.0
349,32,5,PassiveHighVid,05EntSports,1,True,True,True,True,True,False,0.9549218287887624,1.0,1.0,1.0,1.0,0.0
350,33,5,PassiveLowVid,05EntSports,1,True,True,True,True,True,False,1.0,1.0,1.0,1.0,1.0,0.0
351,34,5,PassiveMixedVid,05EntSports,1,True,True,True,True,True,False,0.9235865584532088,1.0,1.0,1.0,1.0,0.0
352,35,5,ActiveHighVid,06Nature,1,True,True,True,True,True,False,0.8881611214726381,1.0,1.0,1.0,1.0,0.0
353,36,5,ActiveLowVid,06Nature,1,True,True,True,True,True,False,0.9227963377586192,1.0,1.0,1.0,1.0,0.0
354,37,5,ActiveMixedVid,06Nature,1,True,True,True,True,True,False,0.8815824650187425,1.0,1.0,1.0,1.0,0.0
355,38,5,PVT,06Nature,1,True,True,True,True,True,False,0.8630785685263095,1.0,1.0,1.0,1.0,0.0
356,39,5,PassiveHighVid,06Nature,1,True,True,True,True,True,False,0.8254375274695145,1.0,1.0,1.0,1.0,0.0
357,40,5,PassiveLowVid,06Nature,1,True,True,True,True,True,False,0.9049205319041574,1.0,1.0,1.0,1.0,0.0
358,41,5,PassiveMixedVid,06Nature,1,True,True,True,True,True,False,0.821031087455359,1.0,1.0,1.0,1.0,0.0
359,42,5,ActiveHighVid,07Travel,1,True,True,True,True,True,False,0.9753693609902868,1.0,1.0,1.0,1.0,0.0
360,43,5,ActiveLowVid,07Travel,1,True,True,True,True,True,False,0.9500086115690278,1.0,1.0,1.0,1.0,0.0
361,44,5,ActiveMixedVid,07Travel,1,True,True,True,True,True,False,0.9802927113204072,1.0,1.0,1.0,1.0,0.0
362,45,5,PVT,07Travel,1,True,True,True,True,True,False,1.0,1.0,1.0,1.0,1.0,0.0
363,46,5,PassiveHighVid,07Travel,1,True,True,True,True,True,False,0.9840258210957564,1.0,1.0,1.0,1.0,0.0
364,47,5,PassiveLowVid,07Travel,1,True,True,True,True,True,False,0.9890128951086536,1.0,1.0,1.0,1.0,0.0
365,48,5,PassiveMixedVid,07Travel,1,True,True,True,True,True,False,0.9893516408946816,1.0,1.0,1.0,1.0,0.0
366,0,6,ActiveHighVid,01Advice,1,True,True,True,True,True,True,1.0,1.0,1.0,1.0,0.9861741724301779,0.614077926191859
367,1,6,ActiveLowVid,01Advice,1,True,True,True,True,True,True,1.0,1.0,1.0,1.0,0.9662845716774564,0.6604238020761154
368,2,6,ActiveMixedVid,01Advice,1,True,True,True,True,True,True,1.0,1.0,1.0,1.0,0.9764201995670767,0.6839000052795523
369,3,6,PVT,01Advice,1,True,True,True,True,True,True,1.0,1.0,1.0,1.0,1.0,0.7094283223315482
370,4,6,PassiveHighVid,01Advice,1,True,True,True,True,True,True,1.0,1.0,1.0,1.0,0.9857536309417663,0.6939639514685583
371,5,6,PassiveLowVid,01Advice,1,True,True,True,True,True,True,1.0,1.0,1.0,1.0,0.9919295768141955,0.6666578681676906
372,6,6,PassiveMixedVid,01Advice,1,True,True,True,True,True,True,1.0,1.0,1.0,1.0,0.9872502177757834,0.6773420795607529
373,7,6,ActiveHighVid,02Travel,1,True,True,True,True,True,True,1.0,1.0,1.0,1.0,0.9959747929657857,0.7227292223431984
374,8,6,ActiveLowVid,02Travel,1,True,True,True,True,True,True,0.990178795860602,1.0,1.0,1.0,1.0,0.689902529482027
375,9,6,ActiveMixedVid,02Travel,1,True,True,True,True,True,True,1.0,1.0,1.0,1.0,1.0,0.7092165351212946
376,10,6,PVT,02Travel,1,True,True,True,True,True,True,1.0,1.0,1.0,1.0,1.0,0.7301039583287545
377,11,6,PassiveHighVid,02Travel,1,True,True,True,True,True,True,1.0,1.0,1.0,1.0,0.9932621492490035,0.6729007734339941
378,12,6,PassiveLowVid,02Travel,1,True,True,True,True,True,True,1.0,1.0,1.0,1.0,1.0,0.7243049552254565
379,13,6,PassiveMixedVid,02Travel,1,True,True,True,True,True,True,1.0,1.0,1.0,1.0,1.0,0.7072499538051369
380,14,6,ActiveHighVid,03EntSports,1,True,True,True,True,True,True,0.9760849614393002,1.0,1.0,1.0,1.0,0.7355225732368061
381,15,6,ActiveLowVid,03EntSports,1,True,True,True,True,True,True,0.933237497150336,1.0,1.0,1.0,1.0,0.7194992377696678
382,16,6,ActiveMixedVid,03EntSports,1,True,True,True,True,True,True,0.9672542243427366,1.0,1.0,1.0,1.0,0.7283004672527125
383,17,6,PVT,03EntSports,1,True,True,True,True,True,True,1.0,1.0,1.0,1.0,1.0,0.7263822648116809
384,18,6,PassiveHighVid,03EntSports,1,True,True,True,True,True,True,0.9245932728635854,1.0,1.0,1.0,0.9925892197233661,0.7278402491817126
385,19,6,PassiveLowVid,03EntSports,1,True,True,True,True,True,True,0.953881245446674,1.0,1.0,1.0,0.9963902252314677,0.7029491925851135
386,20,6,PassiveMixedVid,03EntSports,1,True,True,True,True,True,True,0.951206577811052,1.0,1.0,1.0,1.0,0.7305207446562795
387,21,6,ActiveHighVid,04Fitness,1,True,True,True,True,True,True,1.0,1.0,1.0,1.0,0.9965683815959665,0.7304793706939788
388,22,6,ActiveLowVid,04Fitness,1,True,True,True,True,True,True,1.0,1.0,1.0,1.0,1.0,0.7175496950978063
389,23,6,ActiveMixedVid,04Fitness,1,True,True,True,True,True,True,0.991789986558864,1.0,1.0,1.0,0.9933679563406956,0.7078799237150003
390,24,6,PVT,04Fitness,1,True,True,True,True,True,True,0.9904435058078142,1.0,1.0,1.0,1.0,0.720928699117897
391,25,6,PassiveHighVid,04Fitness,1,True,True,True,True,True,True,0.991376676118535,1.0,1.0,1.0,1.0,0.7384446849510334
392,26,6,PassiveLowVid,04Fitness,1,True,True,True,True,True,True,1.0,1.0,1.0,1.0,1.0,0.6953021374317824
393,27,6,PassiveMixedVid,04Fitness,1,True,True,True,True,True,True,1.0,1.0,1.0,1.0,0.9926290088425498,0.7048634024020061
394,28,6,ActiveHighVid,05Beauty,1,True,True,True,True,True,True,1.0,1.0,1.0,1.0,0.9965748904492899,0.7686896151206377
395,29,6,ActiveLowVid,05Beauty,1,True,True,True,True,True,True,1.0,1.0,1.0,1.0,0.9680127236370596,0.7232212975734018
396,30,6,ActiveMixedVid,05Beauty,1,True,True,True,True,True,True,1.0,1.0,1.0,1.0,1.0,0.7568568185417877
397,31,6,PVT,05Beauty,1,True,True,True,True,True,True,1.0,1.0,1.0,1.0,0.9058067635681631,0.6124721603563474
398,32,6,PassiveHighVid,05Beauty,1,True,True,True,True,True,True,1.0,1.0,1.0,1.0,0.987256901137046,0.7466624431641953
399,33,6,PassiveLowVid,05Beauty,1,True,True,True,True,True,True,1.0,1.0,1.0,1.0,0.9826581585181569,0.7329501587029252
400,34,6,PassiveMixedVid,05Beauty,1,True,True,True,True,True,True,1.0,1.0,1.0,1.0,0.9713088521561253,0.7265432709756178
401,35,6,ActiveHighVid,06Baby,1,True,True,True,True,True,True,0.8904254235171148,1.0,1.0,1.0,0.45519461458034427,0.30903495839228995
402,36,6,ActiveLowVid,06Baby,1,True,True,True,True,True,True,0.950978339016813,1.0,1.0,1.0,0.7898926256411948,0.4774150983852612
403,37,6,ActiveMixedVid,06Baby,1,True,True,True,True,True,True,0.9918037826047396,1.0,1.0,1.0,0.9921238278130836,0.73213425458481
404,38,6,PVT,06Baby,1,True,True,True,True,True,True,0.8371166675098837,1.0,1.0,1.0,0.8290722246027299,0.5441584172920078
405,39,6,PassiveHighVid,06Baby,1,True,True,True,True,True,True,0.9564409716368804,1.0,1.0,1.0,0.9914804317197188,0.7167293040812758
406,40,6,PassiveLowVid,06Baby,1,True,True,True,True,True,True,0.9840028643741818,1.0,1.0,1.0,0.9925171235136526,0.6998997004209943
407,41,6,PassiveMixedVid,06Baby,1,True,True,True,True,True,True,0.9745034191889428,1.0,1.0,1.0,0.7950123701138051,0.49233052944087086
408,42,6,ActiveHighVid,07Diy,1,True,True,True,True,True,True,0.982345911717239,1.0,1.0,1.0,1.0,0.7043059359223942
409,43,6,ActiveLowVid,07Diy,1,True,True,True,True,True,True,0.9452956587658063,1.0,1.0,1.0,0.9854285318321906,0.658342627483848
410,44,6,ActiveMixedVid,07Diy,1,True,True,True,True,True,True,0.9035856985904528,1.0,1.0,1.0,1.0,0.6851764472967845
411,45,6,PVT,07Diy,1,True,True,True,True,True,True,1.0,1.0,1.0,1.0,0.9147450667233226,0.5613587161575572
412,46,6,PassiveHighVid,07Diy,1,True,True,True,True,True,True,0.9486501660012642,1.0,1.0,1.0,1.0,0.706077402751658
413,47,6,PassiveLowVid,07Diy,1,True,True,True,True,True,True,0.9630449932774712,1.0,1.0,1.0,1.0,0.7123362697548583
414,48,6,PassiveMixedVid,07Diy,1,True,True,True,True,True,True,0.967154903113698,1.0,1.0,1.0,0.9960571726463465,0.7140410845909688
415,49,6,ActiveHighVid,08Nature,1,True,True,True,True,True,True,1.0,1.0,1.0,1.0,0.9899593821868947,0.6574410447785818
416,50,6,ActiveLowVid,08Nature,1,True,True,True,True,True,True,0.8836523177015408,1.0,1.0,1.0,0.4663105659693028,0.24542591951464793
417,51,6,ActiveMixedVid,08Nature,1,True,True,True,True,True,True,0.98316582460167,1.0,1.0,1.0,0.2788184034065235,0.1624926199687977
418,52,6,PVT,08Nature,1,True,True,True,True,True,True,0.9822845959651076,1.0,1.0,1.0,0.3040363177067126,0.1871789708762745
419,53,6,PassiveHighVid,08Nature,1,True,True,True,True,True,True,0.9365050335226456,1.0,1.0,1.0,0.31527464010685485,0.18640238774466963
420,54,6,PassiveLowVid,08Nature,1,True,True,True,True,True,True,1.0,1.0,1.0,1.0,0.9239164502921469,0.5603313746902847
421,55,6,PassiveMixedVid,08Nature,1,True,True,True,True,True,True,0.9893513005378852,1.0,1.0,1.0,0.9927680633454306,0.6484262619597493
422,56,6,ActiveHighVid,09Food,1,True,True,True,True,True,True,1.0,1.0,1.0,1.0,0.9311908140033656,0.6270597551720725
423,57,6,ActiveLowVid,09Food,1,True,True,True,True,True,True,1.0,1.0,1.0,1.0,0.9375416575927356,0.6307075026561871
424,58,6,ActiveMixedVid,09Food,1,True,True,True,True,True,True,1.0,1.0,1.0,1.0,0.8960579153509336,0.5850730706156806
425,59,6,PVT,09Food,1,True,True,True,True,True,True,1.0,1.0,1.0,1.0,0.7775189454291062,0.47079528680943955
426,60,6,PassiveHighVid,09Food,1,True,True,True,True,True,True,1.0,1.0,1.0,1.0,0.9424374503017365,0.634217481250763
427,61,6,PassiveLowVid,09Food,1,True,True,True,True,True,True,1.0,1.0,1.0,1.0,0.9233977267103288,0.5997327482389428
428,62,6,PassiveMixedVid,09Food,1,True,True,True,True,True,True,1.0,1.0,1.0,1.0,0.8124758727864828,0.523044994572408
429,0,7,ActiveHighVid,01Travel,1,True,True,True,True,True,True,1.0,1.0,1.0,1.0,1.0,0.703703825911933
430,1,7,ActiveLowVid,01Travel,1,True,True,True,True,True,True,0.9677291403597156,1.0,1.0,1.0,0.968871569652915,0.6684759475627502
431,2,7,ActiveMixedVid,01Travel,1,True,True,True,True,True,True,1.0,1.0,1.0,1.0,0.9037356227027669,0.5712117512752325
432,3,7,PVT,01Travel,1,True,True,True,True,True,True,1.0,1.0,1.0,1.0,1.0,0.6927917829695891
433,4,7,PassiveHighVid,01Travel,1,True,True,False,True,True,True,0.9836188695798334,1.0,,1.0,0.886944471939028,0.5856346299778944
434,5,7,PassiveLowVid,01Travel,1,True,True,False,True,True,True,1.0,1.0,,1.0,0.9430984707260339,0.5389445205140472
435,6,7,PassiveMixedVid,01Travel,1,True,True,True,True,True,True,0.9667618589106348,1.0,1.0,1.0,0.7561748046198458,0.46065510495600853
436,7,7,ActiveHighVid,02EntSports,1,True,True,True,True,True,True,1.0,1.0,1.0,1.0,0.9829968785265061,0.6932475863024727
437,8,7,ActiveLowVid,02EntSports,1,True,True,True,True,True,True,0.9819407643275492,1.0,1.0,1.0,1.0,0.752087004150911
438,9,7,ActiveMixedVid,02EntSports,1,True,True,True,True,True,True,1.0,1.0,1.0,1.0,1.0,0.7215655995723703
439,10,7,PVT,02EntSports,1,True,True,True,True,True,True,1.0,1.0,1.0,1.0,0.9962013678006396,0.6926880909034298
440,11,7,PassiveHighVid,02EntSports,1,True,True,True,True,True,True,1.0,1.0,1.0,1.0,0.9923450785784284,0.6996532188614624
441,12,7,PassiveLowVid,02EntSports,1,True,True,True,True,True,True,0.9782444409761868,1.0,1.0,1.0,1.0,0.7039393149505234
442,13,7,PassiveMixedVid,02EntSports,1,True,True,True,True,True,True,1.0,1.0,1.0,1.0,1.0,0.7062864382788759
443,14,7,ActiveHighVid,03Diy,1,True,True,True,True,True,True,1.0,1.0,1.0,1.0,0.9921829886786974,0.6955226244567854
444,15,7,ActiveLowVid,03Diy,1,True,True,True,True,True,True,0.985616801786794,1.0,1.0,1.0,0.7568020589302802,0.5072227538192496
445,16,7,ActiveMixedVid,03Diy,1,True,True,True,True,True,True,0.9917649888075004,1.0,1.0,1.0,0.7732427500965114,0.46945455385336204
446,17,7,PVT,03Diy,1,True,True,True,True,True,True,1.0,1.0,1.0,1.0,0.9569111409041957,0.6549521234898935
447,18,7,PassiveHighVid,03Diy,1,True,True,True,True,True,True,1.0,1.0,1.0,1.0,1.0,0.7017834457954564
448,19,7,PassiveLowVid,03Diy,1,True,True,True,True,True,True,0.9584396585950076,1.0,1.0,1.0,0.7782657037186115,0.5147428051085956
449,20,7,PassiveMixedVid,03Diy,1,True,True,True,True,True,True,1.0,1.0,1.0,1.0,0.9909458964519396,0.6702742297907723
450,21,7,ActiveHighVid,04Beauty,1,True,True,True,True,True,True,1.0,1.0,1.0,1.0,0.9854091669498823,0.6553402382971422
451,22,7,ActiveLowVid,04Beauty,1,True,True,True,True,True,True,1.0,1.0,1.0,1.0,1.0,0.6508669757312787
452,23,7,ActiveMixedVid,04Beauty,1,True,True,True,True,True,True,0.9807293969599846,1.0,1.0,1.0,0.9858281694416398,0.7008902351303017
453,24,7,PVT,04Beauty,1,True,True,True,True,True,True,1.0,1.0,1.0,1.0,0.885141668375868,0.5845395411526854
454,25,7,PassiveHighVid,04Beauty,1,True,True,True,True,True,True,0.9799349436287362,1.0,1.0,1.0,0.9950507136870863,0.6777618667388162
455,26,7,PassiveLowVid,04Beauty,1,True,True,True,True,True,True,0.9634782780024908,1.0,1.0,1.0,0.6026320738221156,0.3504109109984263
456,27,7,PassiveMixedVid,04Beauty,1,True,True,True,True,True,True,0.906269330250598,1.0,1.0,1.0,1.0,0.6739166298229522
457,28,7,ActiveHighVid,05Pets,1,True,True,True,True,True,True,1.0,1.0,1.0,1.0,0.9319152165449158,0.5986049795762147
458,29,7,ActiveLowVid,05Pets,1,True,True,True,True,True,True,1.0,1.0,1.0,1.0,0.9459376526019876,0.4957040478295873
459,30,7,ActiveMixedVid,05Pets,1,True,True,True,True,True,True,1.0,1.0,1.0,1.0,0.8076047433960023,0.41867332730620244
460,31,7,PVT,05Pets,1,True,True,True,True,True,True,1.0,1.0,1.0,1.0,0.9705158355128685,0.4720286892752222
461,32,7,PassiveHighVid,05Pets,1,True,True,True,True,True,True,1.0,1.0,1.0,1.0,0.8773768241702767,0.41093693806647025
462,33,7,PassiveLowVid,05Pets,1,True,True,True,True,True,True,0.9828008740176524,1.0,1.0,1.0,0.9774801528379957,0.5673780628641946
463,34,7,PassiveMixedVid,05Pets,1,True,True,True,True,True,True,0.954583517166242,1.0,1.0,1.0,0.9836478277940734,0.6175254636579902
464,0,8,ActiveHighVid,01Pets,1,True,True,True,True,True,True,0.9687560919809116,1.0,1.0,1.0,0.9920874798722382,0.631114220098725
465,1,8,ActiveLowVid,01Pets,1,True,True,True,True,True,True,0.9910226959178042,1.0,1.0,1.0,0.9774174602231858,0.65022800314123
466,2,8,ActiveMixedVid,01Pets,1,True,True,True,True,True,True,1.0,1.0,1.0,1.0,0.9675565088269262,0.6725292855964362
467,3,8,PVT,01Pets,1,True,True,True,True,True,True,1.0,1.0,1.0,1.0,0.9957361387879499,0.5878414019458446
468,4,8,PassiveHighVid,01Pets,1,True,True,True,True,True,True,0.9914072386116036,1.0,1.0,1.0,0.9583399324252982,0.6671813958399324
469,5,8,PassiveLowVid,01Pets,1,True,True,True,True,True,True,1.0,1.0,1.0,1.0,0.9116975504170626,0.6133394044979411
470,6,8,PassiveMixedVid,01Pets,1,True,True,True,True,True,True,0.9918217486359358,1.0,1.0,1.0,1.0,0.6048858064814143
471,7,8,ActiveHighVid,02Nature,1,True,True,True,True,True,False,1.0,1.0,1.0,1.0,1.0,0.0
472,8,8,ActiveLowVid,02Nature,1,True,True,True,True,True,True,0.9918074089732593,1.0,1.0,1.0,0.975617159712553,0.5191136392131502
473,9,8,ActiveMixedVid,02Nature,1,True,True,True,True,True,True,1.0,1.0,1.0,1.0,0.9560533115106797,0.5371837557622695
474,10,8,PVT,02Nature,1,True,True,True,True,True,False,1.0,1.0,1.0,1.0,1.0,0.0
475,11,8,PassiveHighVid,02Nature,1,True,True,True,True,True,True,0.9899536924241,1.0,1.0,1.0,0.9377480821578817,0.5053798564711705
476,12,8,PassiveLowVid,02Nature,1,True,True,True,True,True,True,0.9825549422654368,1.0,1.0,1.0,0.9535064043764889,0.5267624408560285
477,13,8,PassiveMixedVid,02Nature,1,True,True,True,True,True,True,1.0,1.0,1.0,1.0,0.926676125115481,0.5073940873696714
478,14,8,ActiveHighVid,03Fitness,1,True,True,True,True,True,False,1.0,1.0,1.0,1.0,1.0,0.0
479,15,8,ActiveLowVid,03Fitness,1,True,True,True,True,True,False,1.0,1.0,1.0,1.0,1.0,0.0
480,16,8,ActiveMixedVid,03Fitness,1,True,True,True,True,True,False,1.0,1.0,1.0,1.0,1.0,0.0
481,17,8,PVT,03Fitness,1,True,True,True,True,True,False,1.0,1.0,1.0,1.0,1.0,0.0
482,18,8,PassiveHighVid,03Fitness,1,True,True,True,True,True,False,1.0,1.0,1.0,1.0,1.0,0.0
483,19,8,PassiveLowVid,03Fitness,1,True,True,True,True,True,False,0.9913790767285164,1.0,1.0,1.0,1.0,0.0
484,20,8,PassiveMixedVid,03Fitness,1,True,True,True,True,True,False,1.0,1.0,1.0,1.0,1.0,0.0
485,21,8,ActiveHighVid,04Diy,1,True,True,True,True,True,True,0.599289140305076,1.0,1.0,1.0,0.989467883975148,0.5252562913885434
486,22,8,ActiveLowVid,04Diy,1,True,True,True,True,True,True,0.1714771007734584,1.0,1.0,1.0,0.9286633451017917,0.4857656646979246
487,23,8,ActiveMixedVid,04Diy,1,True,True,True,True,True,True,0.9922013475667284,1.0,1.0,1.0,0.9076675344902114,0.5057068472267593
488,24,8,PVT,04Diy,1,True,True,True,True,True,True,0.0392403112381271,1.0,1.0,1.0,1.0,0.4866278622528783
489,25,8,PassiveHighVid,04Diy,1,True,True,True,True,True,True,1.0,1.0,1.0,1.0,0.8850345635424743,0.49061422467127513
490,26,8,PassiveLowVid,04Diy,1,True,True,True,True,True,True,0.9848657877350672,1.0,1.0,1.0,0.945373312611159,0.5385125570437245
491,27,8,PassiveMixedVid,04Diy,1,True,True,True,True,True,True,0.5879486592596367,1.0,1.0,1.0,0.9645904408707875,0.561257349496176
492,0,9,ActiveHighVid,01Nature,1,True,True,True,True,True,False,0.9808199096398096,1.0,1.0,1.0,1.0,0.0
493,1,9,ActiveLowVid,01Nature,1,True,True,True,True,True,False,0.9832076040543596,1.0,1.0,1.0,1.0,0.0
494,2,9,ActiveMixedVid,01Nature,1,True,True,True,True,True,False,0.975549480126714,1.0,1.0,1.0,1.0,0.0
495,3,9,PVT,01Nature,1,True,True,True,True,True,False,1.0,1.0,1.0,1.0,1.0,0.0
496,4,9,PassiveHighVid,01Nature,1,True,True,True,True,True,False,0.9518108026217168,1.0,1.0,1.0,1.0,0.0
497,5,9,PassiveLowVid,01Nature,1,True,True,True,True,True,False,0.9546274815205048,1.0,1.0,1.0,1.0,0.0
498,6,9,PassiveMixedVid,01Nature,1,True,True,True,True,True,False,0.9816230507222756,1.0,1.0,1.0,1.0,0.0
499,7,9,ActiveHighVid,02Food,1,True,True,True,True,True,False,0.9490430813613429,1.0,1.0,1.0,1.0,0.0
500,8,9,ActiveLowVid,02Food,1,True,True,True,True,True,False,0.990798945432368,1.0,1.0,1.0,1.0,0.0
501,9,9,ActiveMixedVid,02Food,1,True,True,True,True,True,False,0.9530311975155809,1.0,1.0,1.0,1.0,0.0
502,10,9,PVT,02Food,1,True,True,True,True,True,False,0.9890500617434888,1.0,1.0,1.0,1.0,0.0
503,11,9,PassiveHighVid,02Food,1,True,True,True,True,True,False,0.9918414205181052,1.0,1.0,1.0,1.0,0.0
504,12,9,PassiveLowVid,02Food,1,True,True,True,True,True,False,0.9545548501402628,1.0,1.0,1.0,1.0,0.0
505,13,9,PassiveMixedVid,02Food,1,True,True,True,True,True,False,0.9432583787979296,1.0,1.0,1.0,1.0,0.0
506,14,9,ActiveHighVid,03Pets,1,True,True,True,True,True,False,0.9917726049714892,1.0,1.0,1.0,1.0,0.0
507,15,9,ActiveLowVid,03Pets,1,True,True,True,True,True,False,0.9635199362355348,1.0,1.0,1.0,1.0,0.0
508,16,9,ActiveMixedVid,03Pets,1,True,True,True,True,True,False,0.9421782389544716,1.0,1.0,1.0,1.0,0.0
509,17,9,PVT,03Pets,1,True,True,True,True,True,False,0.9631686800927426,1.0,1.0,1.0,1.0,0.0
510,18,9,PassiveHighVid,03Pets,1,True,True,True,True,True,False,0.9410657973412404,1.0,1.0,1.0,1.0,0.0
511,19,9,PassiveLowVid,03Pets,1,True,True,True,True,True,False,0.9319796171741872,1.0,1.0,1.0,1.0,0.0
512,20,9,PassiveMixedVid,03Pets,1,True,True,True,True,True,False,0.9323356473671812,1.0,1.0,1.0,1.0,0.0
513,21,9,ActiveHighVid,04Baby,1,True,True,True,True,True,False,0.9589642486941322,1.0,1.0,1.0,1.0,0.0
514,22,9,ActiveLowVid,04Baby,1,True,True,True,True,True,False,0.9229136777882204,1.0,1.0,1.0,1.0,0.0
515,23,9,ActiveMixedVid,04Baby,1,True,True,True,True,True,False,0.9567360666701952,1.0,1.0,1.0,1.0,0.0
516,24,9,PVT,04Baby,1,True,True,True,True,True,False,0.9877499715158352,1.0,1.0,1.0,1.0,0.0
517,25,9,PassiveHighVid,04Baby,1,True,True,True,True,True,False,0.983236993274188,1.0,1.0,1.0,1.0,0.0
518,26,9,PassiveLowVid,04Baby,1,True,True,True,True,True,False,0.974201580936956,1.0,1.0,1.0,1.0,0.0
519,27,9,PassiveMixedVid,04Baby,1,True,True,True,True,True,False,0.9408295845632308,1.0,1.0,1.0,1.0,0.0
520,0,10,ActiveHighVid,01Diy,1,True,True,True,True,True,True,1.0,1.0,1.0,1.0,1.0,0.5671757035003432
521,1,10,ActiveLowVid,01Diy,1,True,True,True,True,True,True,1.0,1.0,1.0,1.0,1.0,0.6265487601669609
522,2,10,ActiveMixedVid,01Diy,1,True,True,True,True,True,True,1.0,1.0,1.0,1.0,0.9504655505770716,0.6200005279099385
523,3,10,PVT,01Diy,1,True,True,True,True,True,True,1.0,1.0,1.0,1.0,1.0,0.6760404990585873
524,4,10,PassiveHighVid,01Diy,1,True,True,True,True,True,True,1.0,1.0,1.0,1.0,1.0,0.5994905534621907
525,5,10,PassiveLowVid,01Diy,1,True,True,True,True,True,True,1.0,1.0,1.0,1.0,1.0,0.6369758157642944
526,6,10,PassiveMixedVid,01Diy,1,True,True,True,True,True,True,0.9420650119752254,1.0,1.0,1.0,1.0,0.5913690760971779
527,7,10,ActiveHighVid,02Beauty,1,True,True,True,True,True,True,1.0,1.0,1.0,1.0,1.0,0.6448447655811805
528,8,10,ActiveLowVid,02Beauty,1,True,True,True,True,True,True,0.9729006216486172,1.0,1.0,1.0,1.0,0.6306720692658976
529,9,10,ActiveMixedVid,02Beauty,1,True,True,True,True,True,True,0.9757814207291124,1.0,1.0,1.0,1.0,0.6470273784107521
530,10,10,PVT,02Beauty,1,True,True,True,True,True,True,0.9895478366494888,1.0,1.0,1.0,1.0,0.7059082101006253
531,11,10,PassiveHighVid,02Beauty,1,True,True,True,True,True,True,0.945808944127742,1.0,1.0,1.0,1.0,0.6255799066869923
532,12,10,PassiveLowVid,02Beauty,1,True,True,True,True,True,True,1.0,1.0,1.0,1.0,1.0,0.6081122102192864
533,13,10,PassiveMixedVid,02Beauty,1,True,True,True,True,True,True,0.8389394362818442,1.0,1.0,1.0,1.0,0.6340685991453978
